id;telefono;fecha_nacimiento;genero;keycloak_id;activo
1;fast toward;2026-01-14;FEMENINO;farmer descent amidst;true
2;ouch;2026-01-15;FEMENINO;through tankful huff;true
3;intent geez;2026-01-15;MASCULINO;livid ha;true
4;excepting;2026-01-14;FEMENINO;till once;true
5;empty zowie;2026-01-15;MASCULINO;unripe;false
6;until barge;2026-01-15;OTRO;alive;true
7;whereas intently overconfidently;2026-01-15;OTRO;turbulent irresponsible;true
8;squirm short-term;2026-01-15;OTRO;fax;true
9;wilt dearly tut;2026-01-14;OTRO;among stir-fry;false
10;shameful spectate astride;2026-01-15;OTRO;and;false
